{
    "RPM": {
        "media": 3500.6507270160578,
        "min": 1000.0,
        "max": 6000.0,
        "desvio_padrao": 1767.7157571126218
    },
    "MAP": {
        "media": 0.5001314628551262,
        "min": 0.0,
        "max": 1.0,
        "desvio_padrao": 0.35366677703952515
    },
    "Engine Temp": {
        "media": 94.94787659549439,
        "min": 93.0,
        "max": 96.9,
        "desvio_padrao": 1.1572969565778624
    },
    "Oil Pressure": {
        "media": 25.094592376919007,
        "min": 0.0,
        "max": 49.99,
        "desvio_padrao": 14.386785960602127
    },
    "Fuel Pressure": {
        "media": 25.028233633315686,
        "min": 0.0,
        "max": 49.99,
        "desvio_padrao": 14.471444404116596
    },
    "Baterry Tension": {
        "media": 24.986931356979,
        "min": 0.0,
        "max": 49.99,
        "desvio_padrao": 14.439894914531921
    },
    "Sterring": {
        "media": 25.0219019469443,
        "min": 0.0,
        "max": 49.99,
        "desvio_padrao": 14.40001363449969
    },
    "G Force": {
        "media": 25.111034350920534,
        "min": 0.0,
        "max": 49.99,
        "desvio_padrao": 14.45323539324688
    },
    "Wheel Speed": {
        "media": 24.950396153167464,
        "min": 0.0,
        "max": 49.99,
        "desvio_padrao": 14.449729543245422
    },
    "TPS": {
        "media": 50.01302452796894,
        "min": 0.0,
        "max": 100.0,
        "desvio_padrao": 35.35432417138379
    },
    "Break Temp": {
        "media": 24.750265866713725,
        "min": 0.0,
        "max": 49.99,
        "desvio_padrao": 14.438788073221321
    },
    "Break Pressure": {
        "media": 25.054792071054646,
        "min": 0.0,
        "max": 49.99,
        "desvio_padrao": 14.4289568266537
    },
    "Susp Pressure": {
        "media": 24.918319804717367,
        "min": 0.0,
        "max": 49.99,
        "desvio_padrao": 14.380884326972975
    },
    "Susp Travel": {
        "media": 24.896040821128167,
        "min": 0.0,
        "max": 49.99,
        "desvio_padrao": 14.42044795818039
    },
    "Gear Position": {
        "media": 3.0019998823598613,
        "min": 1.0,
        "max": 5.0,
        "desvio_padrao": 1.417846894146443
    },
    "Oil Temp": {
        "media": 25.058365978471855,
        "min": 0.0,
        "max": 49.99,
        "desvio_padrao": 14.469724145198652
    },
    "Water Temp": {
        "media": 24.94180342332804,
        "min": 0.0,
        "max": 49.99,
        "desvio_padrao": 14.380079006513968
    }
}